"","PersonId","ConstituencyName","Pic_URL"
"1",89156,"Edmonton Manning","https://raw.githubusercontent.com/dgrant59/ParliamentVotes/main/Members/Photos/89156.jpg"
"2",105340,"Parry Sound—Muskoka","https://raw.githubusercontent.com/dgrant59/ParliamentVotes/main/Members/Photos/105340.jpg"
"3",72029,"Central Okanagan—Similkameen—Nicola","https://raw.githubusercontent.com/dgrant59/ParliamentVotes/main/Members/Photos/72029.jpg"
"4",89258,"Cloverdale—Langley City","https://raw.githubusercontent.com/dgrant59/ParliamentVotes/main/Members/Photos/89258.jpg"
"5",89535,"Mississauga Centre","https://raw.githubusercontent.com/dgrant59/ParliamentVotes/main/Members/Photos/89535.jpg"
"6",110339,"Brampton Centre","https://raw.githubusercontent.com/dgrant59/ParliamentVotes/main/Members/Photos/110339.jpg"
"7",25446,"Niagara West","https://raw.githubusercontent.com/dgrant59/ParliamentVotes/main/Members/Photos/25446.jpg"
"8",96081,"Oakville","https://raw.githubusercontent.com/dgrant59/ParliamentVotes/main/Members/Photos/96081.jpg"
"9",89449,"Scarborough—Rouge Park","https://raw.githubusercontent.com/dgrant59/ParliamentVotes/main/Members/Photos/89449.jpg"
"10",25470,"Timmins—James Bay","https://raw.githubusercontent.com/dgrant59/ParliamentVotes/main/Members/Photos/25470.jpg"
"11",89294,"North Okanagan—Shuswap","https://raw.githubusercontent.com/dgrant59/ParliamentVotes/main/Members/Photos/89294.jpg"
"12",89383,"Madawaska—Restigouche","https://raw.githubusercontent.com/dgrant59/ParliamentVotes/main/Members/Photos/89383.jpg"
"13",88860,"Nepean","https://raw.githubusercontent.com/dgrant59/ParliamentVotes/main/Members/Photos/88860.jpg"
"14",104586,"Fredericton","https://raw.githubusercontent.com/dgrant59/ParliamentVotes/main/Members/Photos/104586.jpg"
"15",105854,"Skeena—Bulkley Valley","https://raw.githubusercontent.com/dgrant59/ParliamentVotes/main/Members/Photos/105854.jpg"
"16",88867,"Niagara Centre","https://raw.githubusercontent.com/dgrant59/ParliamentVotes/main/Members/Photos/88867.jpg"
"17",111067,"Steveston—Richmond East","https://raw.githubusercontent.com/dgrant59/ParliamentVotes/main/Members/Photos/111067.jpg"
"18",105121,"Etobicoke Centre","https://raw.githubusercontent.com/dgrant59/ParliamentVotes/main/Members/Photos/105121.jpg"
"19",30330,"Niagara Falls","https://raw.githubusercontent.com/dgrant59/ParliamentVotes/main/Members/Photos/30330.jpg"
"20",86261,"Foothills","https://raw.githubusercontent.com/dgrant59/ParliamentVotes/main/Members/Photos/86261.jpg"
"21",102275,"Leeds—Grenville—Thousand Islands and Rideau Lakes","https://raw.githubusercontent.com/dgrant59/ParliamentVotes/main/Members/Photos/102275.jpg"
"22",111023,"Nanaimo—Ladysmith","https://raw.githubusercontent.com/dgrant59/ParliamentVotes/main/Members/Photos/111023.jpg"
"23",104571,"Sydney—Victoria","https://raw.githubusercontent.com/dgrant59/ParliamentVotes/main/Members/Photos/104571.jpg"
"24",376,"La Pointe-de-l'Île","https://raw.githubusercontent.com/dgrant59/ParliamentVotes/main/Members/Photos/376.jpg"
"25",89236,"Burnaby North—Seymour","https://raw.githubusercontent.com/dgrant59/ParliamentVotes/main/Members/Photos/89236.jpg"
"26",88567,"Outremont","https://raw.githubusercontent.com/dgrant59/ParliamentVotes/main/Members/Photos/88567.jpg"
"27",992,"Toronto—St. Paul's","https://raw.githubusercontent.com/dgrant59/ParliamentVotes/main/Members/Photos/992.jpg"
"28",96361,"Calgary Heritage","https://raw.githubusercontent.com/dgrant59/ParliamentVotes/main/Members/Photos/96361.jpg"
"29",59110,"Portage—Lisgar","https://raw.githubusercontent.com/dgrant59/ParliamentVotes/main/Members/Photos/59110.jpg"
"30",88541,"Mégantic—L'Érable","https://raw.githubusercontent.com/dgrant59/ParliamentVotes/main/Members/Photos/88541.jpg"
"31",104622,"Abitibi—Baie-James—Nunavik—Eeyou","https://raw.githubusercontent.com/dgrant59/ParliamentVotes/main/Members/Photos/104622.jpg"
"32",25475,"Selkirk—Interlake—Eastman","https://raw.githubusercontent.com/dgrant59/ParliamentVotes/main/Members/Photos/25475.jpg"
"33",88449,"Compton—Stanstead","https://raw.githubusercontent.com/dgrant59/ParliamentVotes/main/Members/Photos/88449.jpg"
"34",88934,"St. Catharines","https://raw.githubusercontent.com/dgrant59/ParliamentVotes/main/Members/Photos/88934.jpg"
"35",89032,"Elmwood—Transcona","https://raw.githubusercontent.com/dgrant59/ParliamentVotes/main/Members/Photos/89032.jpg"
"36",88961,"Scarborough Southwest","https://raw.githubusercontent.com/dgrant59/ParliamentVotes/main/Members/Photos/88961.jpg"
"37",104669,"Beloeil—Chambly","https://raw.githubusercontent.com/dgrant59/ParliamentVotes/main/Members/Photos/104669.jpg"
"38",104705,"Rimouski-Neigette—Témiscouata—Les Basques","https://raw.githubusercontent.com/dgrant59/ParliamentVotes/main/Members/Photos/104705.jpg"
"39",89354,"North Island—Powell River","https://raw.githubusercontent.com/dgrant59/ParliamentVotes/main/Members/Photos/89354.jpg"
"40",59156,"Carlton Trail—Eagle Creek","https://raw.githubusercontent.com/dgrant59/ParliamentVotes/main/Members/Photos/59156.jpg"
"41",104555,"Kings—Hants","https://raw.githubusercontent.com/dgrant59/ParliamentVotes/main/Members/Photos/104555.jpg"
"42",89147,"Edmonton Centre","https://raw.githubusercontent.com/dgrant59/ParliamentVotes/main/Members/Photos/89147.jpg"
"43",58775,"Rosemont—La Petite-Patrie","https://raw.githubusercontent.com/dgrant59/ParliamentVotes/main/Members/Photos/58775.jpg"
"44",110487,"Kitchener South—Hespeler","https://raw.githubusercontent.com/dgrant59/ParliamentVotes/main/Members/Photos/110487.jpg"
"45",88369,"Tobique—Mactaquac","https://raw.githubusercontent.com/dgrant59/ParliamentVotes/main/Members/Photos/88369.jpg"
"46",88674,"Barrie—Innisfil","https://raw.githubusercontent.com/dgrant59/ParliamentVotes/main/Members/Photos/88674.jpg"
"47",104977,"Sherbrooke","https://raw.githubusercontent.com/dgrant59/ParliamentVotes/main/Members/Photos/104977.jpg"
"48",110354,"Brantford—Brant","https://raw.githubusercontent.com/dgrant59/ParliamentVotes/main/Members/Photos/110354.jpg"
"49",104786,"Lac-Saint-Jean","https://raw.githubusercontent.com/dgrant59/ParliamentVotes/main/Members/Photos/104786.jpg"
"50",35897,"Red Deer—Lacombe","https://raw.githubusercontent.com/dgrant59/ParliamentVotes/main/Members/Photos/35897.jpg"
"51",89327,"South Okanagan—West Kootenay","https://raw.githubusercontent.com/dgrant59/ParliamentVotes/main/Members/Photos/89327.jpg"
"52",111007,"Kamloops—Thompson—Cariboo","https://raw.githubusercontent.com/dgrant59/ParliamentVotes/main/Members/Photos/111007.jpg"
"53",89059,"Winnipeg South Centre","https://raw.githubusercontent.com/dgrant59/ParliamentVotes/main/Members/Photos/89059.jpg"
"54",25486,"Oshawa","https://raw.githubusercontent.com/dgrant59/ParliamentVotes/main/Members/Photos/25486.jpg"
"55",71270,"Charlottetown","https://raw.githubusercontent.com/dgrant59/ParliamentVotes/main/Members/Photos/71270.jpg"
"56",104678,"Thérèse-De Blainville","https://raw.githubusercontent.com/dgrant59/ParliamentVotes/main/Members/Photos/104678.jpg"
"57",89000,"Waterloo","https://raw.githubusercontent.com/dgrant59/ParliamentVotes/main/Members/Photos/89000.jpg"
"58",110882,"Calgary Skyview","https://raw.githubusercontent.com/dgrant59/ParliamentVotes/main/Members/Photos/110882.jpg"
"59",110649,"Simcoe North","https://raw.githubusercontent.com/dgrant59/ParliamentVotes/main/Members/Photos/110649.jpg"
"60",88633,"Saint-Maurice—Champlain","https://raw.githubusercontent.com/dgrant59/ParliamentVotes/main/Members/Photos/88633.jpg"
"61",104741,"Drummond","https://raw.githubusercontent.com/dgrant59/ParliamentVotes/main/Members/Photos/104741.jpg"
"62",110225,"Pontiac","https://raw.githubusercontent.com/dgrant59/ParliamentVotes/main/Members/Photos/110225.jpg"
"63",88953,"Scarborough North","https://raw.githubusercontent.com/dgrant59/ParliamentVotes/main/Members/Photos/88953.jpg"
"64",110513,"Markham—Unionville","https://raw.githubusercontent.com/dgrant59/ParliamentVotes/main/Members/Photos/110513.jpg"
"65",25488,"Wellington—Halton Hills","https://raw.githubusercontent.com/dgrant59/ParliamentVotes/main/Members/Photos/25488.jpg"
"66",105908,"Victoria","https://raw.githubusercontent.com/dgrant59/ParliamentVotes/main/Members/Photos/105908.jpg"
"67",110438,"Hamilton East—Stoney Creek","https://raw.githubusercontent.com/dgrant59/ParliamentVotes/main/Members/Photos/110438.jpg"
"68",89219,"St. Albert—Edmonton","https://raw.githubusercontent.com/dgrant59/ParliamentVotes/main/Members/Photos/89219.jpg"
"69",88350,"Acadie—Bathurst","https://raw.githubusercontent.com/dgrant59/ParliamentVotes/main/Members/Photos/88350.jpg"
"70",110373,"Don Valley East","https://raw.githubusercontent.com/dgrant59/ParliamentVotes/main/Members/Photos/110373.jpg"
"71",88994,"Toronto—Danforth","https://raw.githubusercontent.com/dgrant59/ParliamentVotes/main/Members/Photos/88994.jpg"
"72",35909,"Pitt Meadows—Maple Ridge","https://raw.githubusercontent.com/dgrant59/ParliamentVotes/main/Members/Photos/35909.jpg"
"73",88884,"Oakville North—Burlington","https://raw.githubusercontent.com/dgrant59/ParliamentVotes/main/Members/Photos/88884.jpg"
"74",105521,"Kildonan—St. Paul","https://raw.githubusercontent.com/dgrant59/ParliamentVotes/main/Members/Photos/105521.jpg"
"75",102653,"York—Simcoe","https://raw.githubusercontent.com/dgrant59/ParliamentVotes/main/Members/Photos/102653.jpg"
"76",59325,"Vancouver Kingsway","https://raw.githubusercontent.com/dgrant59/ParliamentVotes/main/Members/Photos/59325.jpg"
"77",35315,"Salaberry—Suroît","https://raw.githubusercontent.com/dgrant59/ParliamentVotes/main/Members/Photos/35315.jpg"
"78",88535,"Louis-Saint-Laurent","https://raw.githubusercontent.com/dgrant59/ParliamentVotes/main/Members/Photos/88535.jpg"
"79",49344,"West Nova","https://raw.githubusercontent.com/dgrant59/ParliamentVotes/main/Members/Photos/49344.jpg"
"80",104715,"Beauport—Côte-de-Beaupré—Île d'Orléans—Charlevoix","https://raw.githubusercontent.com/dgrant59/ParliamentVotes/main/Members/Photos/104715.jpg"
"81",104922,"Rivière-des-Mille-Îles","https://raw.githubusercontent.com/dgrant59/ParliamentVotes/main/Members/Photos/104922.jpg"
"82",110889,"Edmonton Griesbach","https://raw.githubusercontent.com/dgrant59/ParliamentVotes/main/Members/Photos/110889.jpg"
"83",31098,"Surrey—Newton","https://raw.githubusercontent.com/dgrant59/ParliamentVotes/main/Members/Photos/31098.jpg"
"84",88453,"Dorval—Lachine—LaSalle","https://raw.githubusercontent.com/dgrant59/ParliamentVotes/main/Members/Photos/88453.jpg"
"85",109915,"Halifax West","https://raw.githubusercontent.com/dgrant59/ParliamentVotes/main/Members/Photos/109915.jpg"
"86",89249,"Cariboo—Prince George","https://raw.githubusercontent.com/dgrant59/ParliamentVotes/main/Members/Photos/89249.jpg"
"87",105091,"Don Valley North","https://raw.githubusercontent.com/dgrant59/ParliamentVotes/main/Members/Photos/105091.jpg"
"88",105410,"Simcoe—Grey","https://raw.githubusercontent.com/dgrant59/ParliamentVotes/main/Members/Photos/105410.jpg"
"89",59226,"Red Deer—Mountain View","https://raw.githubusercontent.com/dgrant59/ParliamentVotes/main/Members/Photos/59226.jpg"
"90",88756,"Glengarry—Prescott—Russell","https://raw.githubusercontent.com/dgrant59/ParliamentVotes/main/Members/Photos/88756.jpg"
"91",84660,"Bourassa","https://raw.githubusercontent.com/dgrant59/ParliamentVotes/main/Members/Photos/84660.jpg"
"92",89408,"Québec","https://raw.githubusercontent.com/dgrant59/ParliamentVotes/main/Members/Photos/89408.jpg"
"93",31119,"Winnipeg South","https://raw.githubusercontent.com/dgrant59/ParliamentVotes/main/Members/Photos/31119.jpg"
"94",105422,"Stormont—Dundas—South Glengarry","https://raw.githubusercontent.com/dgrant59/ParliamentVotes/main/Members/Photos/105422.jpg"
"95",88721,"Davenport","https://raw.githubusercontent.com/dgrant59/ParliamentVotes/main/Members/Photos/88721.jpg"
"96",89010,"Willowdale","https://raw.githubusercontent.com/dgrant59/ParliamentVotes/main/Members/Photos/89010.jpg"
"97",88515,"Laval—Les Îles","https://raw.githubusercontent.com/dgrant59/ParliamentVotes/main/Members/Photos/88515.jpg"
"98",109905,"Cumberland—Colchester","https://raw.githubusercontent.com/dgrant59/ParliamentVotes/main/Members/Photos/109905.jpg"
"99",105082,"Chatham-Kent—Leamington","https://raw.githubusercontent.com/dgrant59/ParliamentVotes/main/Members/Photos/105082.jpg"
"100",88687,"Beaches—East York","https://raw.githubusercontent.com/dgrant59/ParliamentVotes/main/Members/Photos/88687.jpg"
"101",98749,"Battlefords—Lloydminster","https://raw.githubusercontent.com/dgrant59/ParliamentVotes/main/Members/Photos/98749.jpg"
"102",84672,"Provencher","https://raw.githubusercontent.com/dgrant59/ParliamentVotes/main/Members/Photos/84672.jpg"
"103",35904,"Abbotsford","https://raw.githubusercontent.com/dgrant59/ParliamentVotes/main/Members/Photos/35904.jpg"
"104",88478,"Hull—Aylmer","https://raw.githubusercontent.com/dgrant59/ParliamentVotes/main/Members/Photos/88478.jpg"
"105",110604,"Peterborough—Kawartha","https://raw.githubusercontent.com/dgrant59/ParliamentVotes/main/Members/Photos/110604.jpg"
"106",88325,"Halifax","https://raw.githubusercontent.com/dgrant59/ParliamentVotes/main/Members/Photos/88325.jpg"
"107",20878,"South Surrey—White Rock","https://raw.githubusercontent.com/dgrant59/ParliamentVotes/main/Members/Photos/20878.jpg"
"108",88323,"Dartmouth—Cole Harbour","https://raw.githubusercontent.com/dgrant59/ParliamentVotes/main/Members/Photos/88323.jpg"
"109",71692,"Mississauga East—Cooksville","https://raw.githubusercontent.com/dgrant59/ParliamentVotes/main/Members/Photos/71692.jpg"
"110",96356,"Ottawa—Vanier","https://raw.githubusercontent.com/dgrant59/ParliamentVotes/main/Members/Photos/96356.jpg"
"111",88605,"Rivière-du-Nord","https://raw.githubusercontent.com/dgrant59/ParliamentVotes/main/Members/Photos/88605.jpg"
"112",88827,"London North Centre","https://raw.githubusercontent.com/dgrant59/ParliamentVotes/main/Members/Photos/88827.jpg"
"113",88316,"Central Nova","https://raw.githubusercontent.com/dgrant59/ParliamentVotes/main/Members/Photos/88316.jpg"
"114",84665,"University—Rosedale","https://raw.githubusercontent.com/dgrant59/ParliamentVotes/main/Members/Photos/84665.jpg"
"115",1589,"Vancouver Centre","https://raw.githubusercontent.com/dgrant59/ParliamentVotes/main/Members/Photos/1589.jpg"
"116",110534,"Mississauga—Malton","https://raw.githubusercontent.com/dgrant59/ParliamentVotes/main/Members/Photos/110534.jpg"
"117",1809,"Renfrew—Nipissing—Pembroke","https://raw.githubusercontent.com/dgrant59/ParliamentVotes/main/Members/Photos/1809.jpg"
"118",10524,"Notre-Dame-de-Grâce—Westmount","https://raw.githubusercontent.com/dgrant59/ParliamentVotes/main/Members/Photos/10524.jpg"
"119",110189,"Mirabel","https://raw.githubusercontent.com/dgrant59/ParliamentVotes/main/Members/Photos/110189.jpg"
"120",71995,"Esquimalt—Saanich—Sooke","https://raw.githubusercontent.com/dgrant59/ParliamentVotes/main/Members/Photos/71995.jpg"
"121",104806,"Laurentides—Labelle","https://raw.githubusercontent.com/dgrant59/ParliamentVotes/main/Members/Photos/104806.jpg"
"122",63908,"Montmagny—L'Islet—Kamouraska—Rivière-du-Loup","https://raw.githubusercontent.com/dgrant59/ParliamentVotes/main/Members/Photos/63908.jpg"
"123",89226,"Sherwood Park—Fort Saskatchewan","https://raw.githubusercontent.com/dgrant59/ParliamentVotes/main/Members/Photos/89226.jpg"
"124",88802,"Kingston and the Islands","https://raw.githubusercontent.com/dgrant59/ParliamentVotes/main/Members/Photos/88802.jpg"
"125",88938,"Sarnia—Lambton","https://raw.githubusercontent.com/dgrant59/ParliamentVotes/main/Members/Photos/88938.jpg"
"126",89407,"Portneuf—Jacques-Cartier","https://raw.githubusercontent.com/dgrant59/ParliamentVotes/main/Members/Photos/89407.jpg"
"127",110918,"Fort McMurray—Cold Lake","https://raw.githubusercontent.com/dgrant59/ParliamentVotes/main/Members/Photos/110918.jpg"
"128",88715,"Burlington","https://raw.githubusercontent.com/dgrant59/ParliamentVotes/main/Members/Photos/88715.jpg"
"129",35397,"Lévis—Lotbinière","https://raw.githubusercontent.com/dgrant59/ParliamentVotes/main/Members/Photos/35397.jpg"
"130",105802,"Kelowna—Lake Country","https://raw.githubusercontent.com/dgrant59/ParliamentVotes/main/Members/Photos/105802.jpg"
"131",93023,"Hamilton Centre","https://raw.githubusercontent.com/dgrant59/ParliamentVotes/main/Members/Photos/93023.jpg"
"132",14171,"Laurier—Sainte-Marie","https://raw.githubusercontent.com/dgrant59/ParliamentVotes/main/Members/Photos/14171.jpg"
"133",88984,"Thunder Bay—Superior North","https://raw.githubusercontent.com/dgrant59/ParliamentVotes/main/Members/Photos/88984.jpg"
"134",105630,"Calgary Forest Lawn","https://raw.githubusercontent.com/dgrant59/ParliamentVotes/main/Members/Photos/105630.jpg"
"135",111109,"Yukon","https://raw.githubusercontent.com/dgrant59/ParliamentVotes/main/Members/Photos/111109.jpg"
"136",89274,"Fleetwood—Port Kells","https://raw.githubusercontent.com/dgrant59/ParliamentVotes/main/Members/Photos/89274.jpg"
"137",110446,"Hamilton Mountain","https://raw.githubusercontent.com/dgrant59/ParliamentVotes/main/Members/Photos/110446.jpg"
"138",59148,"Prince Albert","https://raw.githubusercontent.com/dgrant59/ParliamentVotes/main/Members/Photos/59148.jpg"
"139",25508,"Ajax","https://raw.githubusercontent.com/dgrant59/ParliamentVotes/main/Members/Photos/25508.jpg"
"140",88558,"Mount Royal","https://raw.githubusercontent.com/dgrant59/ParliamentVotes/main/Members/Photos/88558.jpg"
"141",31289,"Algoma—Manitoulin—Kapuskasing","https://raw.githubusercontent.com/dgrant59/ParliamentVotes/main/Members/Photos/31289.jpg"
"142",89020,"York South—Weston","https://raw.githubusercontent.com/dgrant59/ParliamentVotes/main/Members/Photos/89020.jpg"
"143",88292,"Long Range Mountains","https://raw.githubusercontent.com/dgrant59/ParliamentVotes/main/Members/Photos/88292.jpg"
"144",71337,"Alfred-Pellan","https://raw.githubusercontent.com/dgrant59/ParliamentVotes/main/Members/Photos/71337.jpg"
"145",111116,"Nunavut","https://raw.githubusercontent.com/dgrant59/ParliamentVotes/main/Members/Photos/111116.jpg"
"146",107097,"Toronto Centre","https://raw.githubusercontent.com/dgrant59/ParliamentVotes/main/Members/Photos/107097.jpg"
"147",105229,"Markham—Stouffville","https://raw.githubusercontent.com/dgrant59/ParliamentVotes/main/Members/Photos/105229.jpg"
"148",89167,"Edmonton Riverbend","https://raw.githubusercontent.com/dgrant59/ParliamentVotes/main/Members/Photos/89167.jpg"
"149",89263,"Courtenay—Alberni","https://raw.githubusercontent.com/dgrant59/ParliamentVotes/main/Members/Photos/89263.jpg"
"150",88384,"Ahuntsic-Cartierville","https://raw.githubusercontent.com/dgrant59/ParliamentVotes/main/Members/Photos/88384.jpg"
"151",13218,"Labrador","https://raw.githubusercontent.com/dgrant59/ParliamentVotes/main/Members/Photos/13218.jpg"
"152",88929,"Richmond Hill","https://raw.githubusercontent.com/dgrant59/ParliamentVotes/main/Members/Photos/88929.jpg"
"153",16399,"New Westminster—Burnaby","https://raw.githubusercontent.com/dgrant59/ParliamentVotes/main/Members/Photos/16399.jpg"
"154",110502,"London West","https://raw.githubusercontent.com/dgrant59/ParliamentVotes/main/Members/Photos/110502.jpg"
"155",104531,"Cape Breton—Canso","https://raw.githubusercontent.com/dgrant59/ParliamentVotes/main/Members/Photos/104531.jpg"
"156",89130,"Calgary Rocky Ridge","https://raw.githubusercontent.com/dgrant59/ParliamentVotes/main/Members/Photos/89130.jpg"
"157",88849,"Mississauga—Erin Mills","https://raw.githubusercontent.com/dgrant59/ParliamentVotes/main/Members/Photos/88849.jpg"
"158",88705,"Brampton West","https://raw.githubusercontent.com/dgrant59/ParliamentVotes/main/Members/Photos/88705.jpg"
"159",89136,"Calgary Shepard","https://raw.githubusercontent.com/dgrant59/ParliamentVotes/main/Members/Photos/89136.jpg"
"160",105009,"Vimy","https://raw.githubusercontent.com/dgrant59/ParliamentVotes/main/Members/Photos/105009.jpg"
"161",89080,"Regina—Wascana","https://raw.githubusercontent.com/dgrant59/ParliamentVotes/main/Members/Photos/89080.jpg"
"162",110454,"Hastings—Lennox and Addington","https://raw.githubusercontent.com/dgrant59/ParliamentVotes/main/Members/Photos/110454.jpg"
"163",105614,"Battle River—Crowfoot","https://raw.githubusercontent.com/dgrant59/ParliamentVotes/main/Members/Photos/105614.jpg"
"164",96367,"Calgary Midnapore","https://raw.githubusercontent.com/dgrant59/ParliamentVotes/main/Members/Photos/96367.jpg"
"165",71820,"Windsor—Tecumseh","https://raw.githubusercontent.com/dgrant59/ParliamentVotes/main/Members/Photos/71820.jpg"
"166",89346,"Vancouver East","https://raw.githubusercontent.com/dgrant59/ParliamentVotes/main/Members/Photos/89346.jpg"
"167",35857,"Edmonton—Wetaskiwin","https://raw.githubusercontent.com/dgrant59/ParliamentVotes/main/Members/Photos/35857.jpg"
"168",92209,"Orléans","https://raw.githubusercontent.com/dgrant59/ParliamentVotes/main/Members/Photos/92209.jpg"
"169",96350,"Saint-Laurent","https://raw.githubusercontent.com/dgrant59/ParliamentVotes/main/Members/Photos/96350.jpg"
"170",88501,"LaSalle—Émard—Verdun","https://raw.githubusercontent.com/dgrant59/ParliamentVotes/main/Members/Photos/88501.jpg"
"171",30552,"Winnipeg North","https://raw.githubusercontent.com/dgrant59/ParliamentVotes/main/Members/Photos/30552.jpg"
"172",110665,"Thornhill","https://raw.githubusercontent.com/dgrant59/ParliamentVotes/main/Members/Photos/110665.jpg"
"173",110663,"Sudbury","https://raw.githubusercontent.com/dgrant59/ParliamentVotes/main/Members/Photos/110663.jpg"
"174",104973,"Shefford","https://raw.githubusercontent.com/dgrant59/ParliamentVotes/main/Members/Photos/104973.jpg"
"175",88394,"Argenteuil—La Petite-Nation","https://raw.githubusercontent.com/dgrant59/ParliamentVotes/main/Members/Photos/88394.jpg"
"176",105291,"Northumberland—Peterborough South","https://raw.githubusercontent.com/dgrant59/ParliamentVotes/main/Members/Photos/105291.jpg"
"177",1813,"Beauséjour","https://raw.githubusercontent.com/dgrant59/ParliamentVotes/main/Members/Photos/1813.jpg"
"178",88460,"Gaspésie—Les Îles-de-la-Madeleine","https://raw.githubusercontent.com/dgrant59/ParliamentVotes/main/Members/Photos/88460.jpg"
"179",104630,"Abitibi—Témiscamingue","https://raw.githubusercontent.com/dgrant59/ParliamentVotes/main/Members/Photos/104630.jpg"
"180",105120,"Essex","https://raw.githubusercontent.com/dgrant59/ParliamentVotes/main/Members/Photos/105120.jpg"
"181",88958,"Haldimand—Norfolk","https://raw.githubusercontent.com/dgrant59/ParliamentVotes/main/Members/Photos/88958.jpg"
"182",89139,"Calgary Signal Hill","https://raw.githubusercontent.com/dgrant59/ParliamentVotes/main/Members/Photos/89139.jpg"
"183",88532,"Louis-Hébert","https://raw.githubusercontent.com/dgrant59/ParliamentVotes/main/Members/Photos/88532.jpg"
"184",98079,"Sturgeon River—Parkland","https://raw.githubusercontent.com/dgrant59/ParliamentVotes/main/Members/Photos/98079.jpg"
"185",35600,"Huron—Bruce","https://raw.githubusercontent.com/dgrant59/ParliamentVotes/main/Members/Photos/35600.jpg"
"186",88368,"Saint John—Rothesay","https://raw.githubusercontent.com/dgrant59/ParliamentVotes/main/Members/Photos/88368.jpg"
"187",88761,"Guelph","https://raw.githubusercontent.com/dgrant59/ParliamentVotes/main/Members/Photos/88761.jpg"
"188",88810,"Kitchener—Conestoga","https://raw.githubusercontent.com/dgrant59/ParliamentVotes/main/Members/Photos/88810.jpg"
"189",33,"Cardigan","https://raw.githubusercontent.com/dgrant59/ParliamentVotes/main/Members/Photos/33.jpg"
"190",109891,"Malpeque","https://raw.githubusercontent.com/dgrant59/ParliamentVotes/main/Members/Photos/109891.jpg"
"191",89269,"Cowichan—Malahat—Langford","https://raw.githubusercontent.com/dgrant59/ParliamentVotes/main/Members/Photos/89269.jpg"
"192",891,"Oxford","https://raw.githubusercontent.com/dgrant59/ParliamentVotes/main/Members/Photos/891.jpg"
"193",88468,"Gatineau","https://raw.githubusercontent.com/dgrant59/ParliamentVotes/main/Members/Photos/88468.jpg"
"194",7251,"Brandon—Souris","https://raw.githubusercontent.com/dgrant59/ParliamentVotes/main/Members/Photos/7251.jpg"
"195",88748,"Etobicoke—Lakeshore","https://raw.githubusercontent.com/dgrant59/ParliamentVotes/main/Members/Photos/88748.jpg"
"196",100521,"Chicoutimi—Le Fjord","https://raw.githubusercontent.com/dgrant59/ParliamentVotes/main/Members/Photos/100521.jpg"
"197",104756,"Hochelaga","https://raw.githubusercontent.com/dgrant59/ParliamentVotes/main/Members/Photos/104756.jpg"
"198",9137,"Windsor West","https://raw.githubusercontent.com/dgrant59/ParliamentVotes/main/Members/Photos/9137.jpg"
"199",2897,"Saanich—Gulf Islands","https://raw.githubusercontent.com/dgrant59/ParliamentVotes/main/Members/Photos/2897.jpg"
"200",71599,"Cambridge","https://raw.githubusercontent.com/dgrant59/ParliamentVotes/main/Members/Photos/71599.jpg"
"201",3306,"Dauphin—Swan River—Neepawa","https://raw.githubusercontent.com/dgrant59/ParliamentVotes/main/Members/Photos/3306.jpg"
"202",89179,"Edmonton West","https://raw.githubusercontent.com/dgrant59/ParliamentVotes/main/Members/Photos/89179.jpg"
"203",88283,"Avalon","https://raw.githubusercontent.com/dgrant59/ParliamentVotes/main/Members/Photos/88283.jpg"
"204",9486,"Ottawa South","https://raw.githubusercontent.com/dgrant59/ParliamentVotes/main/Members/Photos/9486.jpg"
"205",957,"Scarborough—Guildwood","https://raw.githubusercontent.com/dgrant59/ParliamentVotes/main/Members/Photos/957.jpg"
"206",59293,"Coquitlam—Port Coquitlam","https://raw.githubusercontent.com/dgrant59/ParliamentVotes/main/Members/Photos/59293.jpg"
"207",105623,"Calgary Centre","https://raw.githubusercontent.com/dgrant59/ParliamentVotes/main/Members/Photos/105623.jpg"
"208",89374,"Northwest Territories","https://raw.githubusercontent.com/dgrant59/ParliamentVotes/main/Members/Photos/89374.jpg"
"209",105689,"Edmonton Strathcona","https://raw.githubusercontent.com/dgrant59/ParliamentVotes/main/Members/Photos/105689.jpg"
"210",105186,"Kenora","https://raw.githubusercontent.com/dgrant59/ParliamentVotes/main/Members/Photos/105186.jpg"
"211",58621,"Brossard—Saint-Lambert","https://raw.githubusercontent.com/dgrant59/ParliamentVotes/main/Members/Photos/58621.jpg"
"212",88738,"Eglinton—Lawrence","https://raw.githubusercontent.com/dgrant59/ParliamentVotes/main/Members/Photos/88738.jpg"
"213",111048,"Richmond Centre","https://raw.githubusercontent.com/dgrant59/ParliamentVotes/main/Members/Photos/111048.jpg"
"214",104648,"Avignon—La Mitis—Matane—Matapédia","https://raw.githubusercontent.com/dgrant59/ParliamentVotes/main/Members/Photos/104648.jpg"
"215",88660,"Ville-Marie—Le Sud-Ouest—Île-des-Soeurs","https://raw.githubusercontent.com/dgrant59/ParliamentVotes/main/Members/Photos/88660.jpg"
"216",17210,"Fundy Royal","https://raw.githubusercontent.com/dgrant59/ParliamentVotes/main/Members/Photos/17210.jpg"
"217",105511,"Charleswood—St. James—Assiniboia—Headingley","https://raw.githubusercontent.com/dgrant59/ParliamentVotes/main/Members/Photos/105511.jpg"
"218",110476,"Kitchener Centre","https://raw.githubusercontent.com/dgrant59/ParliamentVotes/main/Members/Photos/110476.jpg"
"219",105807,"Kootenay—Columbia","https://raw.githubusercontent.com/dgrant59/ParliamentVotes/main/Members/Photos/105807.jpg"
"220",88308,"Egmont","https://raw.githubusercontent.com/dgrant59/ParliamentVotes/main/Members/Photos/88308.jpg"
"221",94305,"Medicine Hat—Cardston—Warner","https://raw.githubusercontent.com/dgrant59/ParliamentVotes/main/Members/Photos/94305.jpg"
"222",35950,"Vancouver Quadra","https://raw.githubusercontent.com/dgrant59/ParliamentVotes/main/Members/Photos/35950.jpg"
"223",110415,"Flamborough—Glanbrook","https://raw.githubusercontent.com/dgrant59/ParliamentVotes/main/Members/Photos/110415.jpg"
"224",110572,"Ottawa Centre","https://raw.githubusercontent.com/dgrant59/ParliamentVotes/main/Members/Photos/110572.jpg"
"225",88917,"Perth—Wellington","https://raw.githubusercontent.com/dgrant59/ParliamentVotes/main/Members/Photos/88917.jpg"
"226",96352,"Markham—Thornhill","https://raw.githubusercontent.com/dgrant59/ParliamentVotes/main/Members/Photos/96352.jpg"
"227",72023,"Vancouver Granville","https://raw.githubusercontent.com/dgrant59/ParliamentVotes/main/Members/Photos/72023.jpg"
"228",104947,"Saint-Jean","https://raw.githubusercontent.com/dgrant59/ParliamentVotes/main/Members/Photos/104947.jpg"
"229",88925,"Pickering—Uxbridge","https://raw.githubusercontent.com/dgrant59/ParliamentVotes/main/Members/Photos/88925.jpg"
"230",58858,"Don Valley West","https://raw.githubusercontent.com/dgrant59/ParliamentVotes/main/Members/Photos/58858.jpg"
"231",88299,"St. John's South—Mount Pearl","https://raw.githubusercontent.com/dgrant59/ParliamentVotes/main/Members/Photos/88299.jpg"
"232",72773,"Durham","https://raw.githubusercontent.com/dgrant59/ParliamentVotes/main/Members/Photos/72773.jpg"
"233",105559,"Cypress Hills—Grasslands","https://raw.githubusercontent.com/dgrant59/ParliamentVotes/main/Members/Photos/105559.jpg"
"234",71454,"Charlesbourg—Haute-Saint-Charles","https://raw.githubusercontent.com/dgrant59/ParliamentVotes/main/Members/Photos/71454.jpg"
"235",88595,"Repentigny","https://raw.githubusercontent.com/dgrant59/ParliamentVotes/main/Members/Photos/88595.jpg"
"236",109922,"South Shore—St. Margarets","https://raw.githubusercontent.com/dgrant59/ParliamentVotes/main/Members/Photos/109922.jpg"
"237",88418,"Berthier—Maskinongé","https://raw.githubusercontent.com/dgrant59/ParliamentVotes/main/Members/Photos/88418.jpg"
"238",88364,"Moncton—Riverview—Dieppe","https://raw.githubusercontent.com/dgrant59/ParliamentVotes/main/Members/Photos/88364.jpg"
"239",413,"Bécancour—Nicolet—Saurel","https://raw.githubusercontent.com/dgrant59/ParliamentVotes/main/Members/Photos/413.jpg"
"240",25524,"Carleton","https://raw.githubusercontent.com/dgrant59/ParliamentVotes/main/Members/Photos/25524.jpg"
"241",105437,"Thunder Bay—Rainy River","https://raw.githubusercontent.com/dgrant59/ParliamentVotes/main/Members/Photos/105437.jpg"
"242",89272,"Delta","https://raw.githubusercontent.com/dgrant59/ParliamentVotes/main/Members/Photos/89272.jpg"
"243",88600,"Richmond—Arthabaska","https://raw.githubusercontent.com/dgrant59/ParliamentVotes/main/Members/Photos/88600.jpg"
"244",105598,"Saskatoon West","https://raw.githubusercontent.com/dgrant59/ParliamentVotes/main/Members/Photos/105598.jpg"
"245",1827,"Lanark—Frontenac—Kingston","https://raw.githubusercontent.com/dgrant59/ParliamentVotes/main/Members/Photos/1827.jpg"
"246",71902,"Calgary Nose Hill","https://raw.githubusercontent.com/dgrant59/ParliamentVotes/main/Members/Photos/71902.jpg"
"247",59235,"Banff—Airdrie","https://raw.githubusercontent.com/dgrant59/ParliamentVotes/main/Members/Photos/59235.jpg"
"248",105191,"King—Vaughan","https://raw.githubusercontent.com/dgrant59/ParliamentVotes/main/Members/Photos/105191.jpg"
"249",88617,"Marc-Aurèle-Fortin","https://raw.githubusercontent.com/dgrant59/ParliamentVotes/main/Members/Photos/88617.jpg"
"250",25451,"Honoré-Mercier","https://raw.githubusercontent.com/dgrant59/ParliamentVotes/main/Members/Photos/25451.jpg"
"251",98744,"Bonavista—Burin—Trinity","https://raw.githubusercontent.com/dgrant59/ParliamentVotes/main/Members/Photos/98744.jpg"
"252",88521,"Longueuil—Charles-LeMoyne","https://raw.githubusercontent.com/dgrant59/ParliamentVotes/main/Members/Photos/88521.jpg"
"253",105210,"Lambton—Kent—Middlesex","https://raw.githubusercontent.com/dgrant59/ParliamentVotes/main/Members/Photos/105210.jpg"
"254",105070,"Bruce—Grey—Owen Sound","https://raw.githubusercontent.com/dgrant59/ParliamentVotes/main/Members/Photos/105070.jpg"
"255",88698,"Brampton North","https://raw.githubusercontent.com/dgrant59/ParliamentVotes/main/Members/Photos/88698.jpg"
"256",89497,"Vancouver South","https://raw.githubusercontent.com/dgrant59/ParliamentVotes/main/Members/Photos/89497.jpg"
"257",107099,"York Centre","https://raw.githubusercontent.com/dgrant59/ParliamentVotes/main/Members/Photos/107099.jpg"
"258",88333,"Sackville—Preston—Chezzetcook","https://raw.githubusercontent.com/dgrant59/ParliamentVotes/main/Members/Photos/88333.jpg"
"259",89339,"Surrey Centre","https://raw.githubusercontent.com/dgrant59/ParliamentVotes/main/Members/Photos/89339.jpg"
"260",25453,"Lac-Saint-Louis","https://raw.githubusercontent.com/dgrant59/ParliamentVotes/main/Members/Photos/25453.jpg"
"261",25454,"Regina—Qu'Appelle","https://raw.githubusercontent.com/dgrant59/ParliamentVotes/main/Members/Photos/25454.jpg"
"262",88649,"Vaudreuil—Soulanges","https://raw.githubusercontent.com/dgrant59/ParliamentVotes/main/Members/Photos/88649.jpg"
"263",88770,"Haliburton—Kawartha Lakes—Brock","https://raw.githubusercontent.com/dgrant59/ParliamentVotes/main/Members/Photos/88770.jpg"
"264",58841,"Dufferin—Caledon","https://raw.githubusercontent.com/dgrant59/ParliamentVotes/main/Members/Photos/58841.jpg"
"265",88874,"Nickel Belt","https://raw.githubusercontent.com/dgrant59/ParliamentVotes/main/Members/Photos/88874.jpg"
"266",1787,"Humber River—Black Creek","https://raw.githubusercontent.com/dgrant59/ParliamentVotes/main/Members/Photos/1787.jpg"
"267",88442,"Châteauguay—Lacolle","https://raw.githubusercontent.com/dgrant59/ParliamentVotes/main/Members/Photos/88442.jpg"
"268",88944,"Sault Ste. Marie","https://raw.githubusercontent.com/dgrant59/ParliamentVotes/main/Members/Photos/88944.jpg"
"269",89109,"Bow River","https://raw.githubusercontent.com/dgrant59/ParliamentVotes/main/Members/Photos/89109.jpg"
"270",105031,"Barrie—Springwater—Oro-Medonte","https://raw.githubusercontent.com/dgrant59/ParliamentVotes/main/Members/Photos/105031.jpg"
"271",88703,"Brampton South","https://raw.githubusercontent.com/dgrant59/ParliamentVotes/main/Members/Photos/88703.jpg"
"272",105045,"Brampton East","https://raw.githubusercontent.com/dgrant59/ParliamentVotes/main/Members/Photos/105045.jpg"
"273",104773,"Jonquière","https://raw.githubusercontent.com/dgrant59/ParliamentVotes/main/Members/Photos/104773.jpg"
"274",110300,"Terrebonne","https://raw.githubusercontent.com/dgrant59/ParliamentVotes/main/Members/Photos/110300.jpg"
"275",71588,"Burnaby South","https://raw.githubusercontent.com/dgrant59/ParliamentVotes/main/Members/Photos/71588.jpg"
"276",109867,"Coast of Bays—Central—Notre Dame","https://raw.githubusercontent.com/dgrant59/ParliamentVotes/main/Members/Photos/109867.jpg"
"277",88999,"Vaughan—Woodbridge","https://raw.githubusercontent.com/dgrant59/ParliamentVotes/main/Members/Photos/88999.jpg"
"278",105751,"Yellowhead","https://raw.githubusercontent.com/dgrant59/ParliamentVotes/main/Members/Photos/105751.jpg"
"279",88852,"Mississauga—Lakeshore","https://raw.githubusercontent.com/dgrant59/ParliamentVotes/main/Members/Photos/88852.jpg"
"280",105581,"Regina—Lewvan","https://raw.githubusercontent.com/dgrant59/ParliamentVotes/main/Members/Photos/105581.jpg"
"281",88485,"Joliette","https://raw.githubusercontent.com/dgrant59/ParliamentVotes/main/Members/Photos/88485.jpg"
"282",109951,"Miramichi—Grand Lake","https://raw.githubusercontent.com/dgrant59/ParliamentVotes/main/Members/Photos/109951.jpg"
"283",110044,"Brome—Missisquoi","https://raw.githubusercontent.com/dgrant59/ParliamentVotes/main/Members/Photos/110044.jpg"
"284",89198,"Lakeland","https://raw.githubusercontent.com/dgrant59/ParliamentVotes/main/Members/Photos/89198.jpg"
"285",110459,"Kanata—Carleton","https://raw.githubusercontent.com/dgrant59/ParliamentVotes/main/Members/Photos/110459.jpg"
"286",88784,"Hamilton West—Ancaster—Dundas","https://raw.githubusercontent.com/dgrant59/ParliamentVotes/main/Members/Photos/88784.jpg"
"287",105024,"Aurora—Oak Ridges—Richmond Hill","https://raw.githubusercontent.com/dgrant59/ParliamentVotes/main/Members/Photos/105024.jpg"
"288",88552,"Montcalm","https://raw.githubusercontent.com/dgrant59/ParliamentVotes/main/Members/Photos/88552.jpg"
"289",104783,"La Prairie","https://raw.githubusercontent.com/dgrant59/ParliamentVotes/main/Members/Photos/104783.jpg"
"290",89200,"Lethbridge","https://raw.githubusercontent.com/dgrant59/ParliamentVotes/main/Members/Photos/89200.jpg"
"291",109877,"St. John's East","https://raw.githubusercontent.com/dgrant59/ParliamentVotes/main/Members/Photos/109877.jpg"
"292",84882,"Saskatoon—University","https://raw.githubusercontent.com/dgrant59/ParliamentVotes/main/Members/Photos/84882.jpg"
"293",110800,"Moose Jaw—Lake Centre—Lanigan","https://raw.githubusercontent.com/dgrant59/ParliamentVotes/main/Members/Photos/110800.jpg"
"294",58733,"Papineau","https://raw.githubusercontent.com/dgrant59/ParliamentVotes/main/Members/Photos/58733.jpg"
"295",88530,"Longueuil—Saint-Hubert","https://raw.githubusercontent.com/dgrant59/ParliamentVotes/main/Members/Photos/88530.jpg"
"296",105480,"Whitby","https://raw.githubusercontent.com/dgrant59/ParliamentVotes/main/Members/Photos/105480.jpg"
"297",30645,"Edmonton Mill Woods","https://raw.githubusercontent.com/dgrant59/ParliamentVotes/main/Members/Photos/30645.jpg"
"298",110538,"Mississauga—Streetsville","https://raw.githubusercontent.com/dgrant59/ParliamentVotes/main/Members/Photos/110538.jpg"
"299",105270,"Newmarket—Aurora","https://raw.githubusercontent.com/dgrant59/ParliamentVotes/main/Members/Photos/105270.jpg"
"300",105242,"Milton","https://raw.githubusercontent.com/dgrant59/ParliamentVotes/main/Members/Photos/105242.jpg"
"301",105811,"Langley—Aldergrove","https://raw.githubusercontent.com/dgrant59/ParliamentVotes/main/Members/Photos/105811.jpg"
"302",89045,"Saint Boniface—Saint Vital","https://raw.githubusercontent.com/dgrant59/ParliamentVotes/main/Members/Photos/89045.jpg"
"303",71738,"Ottawa West—Nepean","https://raw.githubusercontent.com/dgrant59/ParliamentVotes/main/Members/Photos/71738.jpg"
"304",88742,"Elgin—Middlesex—London","https://raw.githubusercontent.com/dgrant59/ParliamentVotes/main/Members/Photos/88742.jpg"
"305",105562,"Desnethé—Missinippi—Churchill River","https://raw.githubusercontent.com/dgrant59/ParliamentVotes/main/Members/Photos/105562.jpg"
"306",110009,"Bellechasse—Les Etchemins—Lévis","https://raw.githubusercontent.com/dgrant59/ParliamentVotes/main/Members/Photos/110009.jpg"
"307",89211,"Peace River—Westlock","https://raw.githubusercontent.com/dgrant59/ParliamentVotes/main/Members/Photos/89211.jpg"
"308",104656,"Beauport—Limoilou","https://raw.githubusercontent.com/dgrant59/ParliamentVotes/main/Members/Photos/104656.jpg"
"309",110306,"Trois-Rivières","https://raw.githubusercontent.com/dgrant59/ParliamentVotes/main/Members/Photos/110306.jpg"
"310",88910,"Parkdale—High Park","https://raw.githubusercontent.com/dgrant59/ParliamentVotes/main/Members/Photos/88910.jpg"
"311",89289,"Mission—Matsqui—Fraser Canyon","https://raw.githubusercontent.com/dgrant59/ParliamentVotes/main/Members/Photos/89289.jpg"
"312",110654,"Spadina—Fort York","https://raw.githubusercontent.com/dgrant59/ParliamentVotes/main/Members/Photos/110654.jpg"
"313",89098,"Yorkton—Melville","https://raw.githubusercontent.com/dgrant59/ParliamentVotes/main/Members/Photos/89098.jpg"
"314",35886,"Grande Prairie—Mackenzie","https://raw.githubusercontent.com/dgrant59/ParliamentVotes/main/Members/Photos/35886.jpg"
"315",89084,"Saskatoon—Grasswood","https://raw.githubusercontent.com/dgrant59/ParliamentVotes/main/Members/Photos/89084.jpg"
"316",89116,"Calgary Confederation","https://raw.githubusercontent.com/dgrant59/ParliamentVotes/main/Members/Photos/89116.jpg"
"317",105918,"West Vancouver—Sunshine Coast—Sea to Sky Country","https://raw.githubusercontent.com/dgrant59/ParliamentVotes/main/Members/Photos/105918.jpg"
"318",89300,"North Vancouver","https://raw.githubusercontent.com/dgrant59/ParliamentVotes/main/Members/Photos/89300.jpg"
"319",110330,"Bay of Quinte","https://raw.githubusercontent.com/dgrant59/ParliamentVotes/main/Members/Photos/110330.jpg"
"320",98747,"Scarborough—Agincourt","https://raw.githubusercontent.com/dgrant59/ParliamentVotes/main/Members/Photos/98747.jpg"
"321",88950,"Scarborough Centre","https://raw.githubusercontent.com/dgrant59/ParliamentVotes/main/Members/Photos/88950.jpg"
"322",105837,"Port Moody—Coquitlam","https://raw.githubusercontent.com/dgrant59/ParliamentVotes/main/Members/Photos/105837.jpg"
"323",72035,"Prince George—Peace River—Northern Rockies","https://raw.githubusercontent.com/dgrant59/ParliamentVotes/main/Members/Photos/72035.jpg"
"324",54157,"Pierrefonds—Dollard","https://raw.githubusercontent.com/dgrant59/ParliamentVotes/main/Members/Photos/54157.jpg"
"325",36037,"Churchill—Keewatinook Aski","https://raw.githubusercontent.com/dgrant59/ParliamentVotes/main/Members/Photos/36037.jpg"
"326",104957,"Saint-Léonard—Saint-Michel","https://raw.githubusercontent.com/dgrant59/ParliamentVotes/main/Members/Photos/104957.jpg"
"327",105221,"London—Fanshawe","https://raw.githubusercontent.com/dgrant59/ParliamentVotes/main/Members/Photos/105221.jpg"
"328",88422,"Pierre-Boucher—Les Patriotes—Verchères","https://raw.githubusercontent.com/dgrant59/ParliamentVotes/main/Members/Photos/88422.jpg"
"329",496,"Montarville","https://raw.githubusercontent.com/dgrant59/ParliamentVotes/main/Members/Photos/496.jpg"
"330",58877,"Etobicoke North","https://raw.githubusercontent.com/dgrant59/ParliamentVotes/main/Members/Photos/58877.jpg"
"331",87121,"Winnipeg Centre","https://raw.githubusercontent.com/dgrant59/ParliamentVotes/main/Members/Photos/87121.jpg"
"332",104653,"Beauce","https://raw.githubusercontent.com/dgrant59/ParliamentVotes/main/Members/Photos/104653.jpg"
"333",104944,"Saint-Hyacinthe—Bagot","https://raw.githubusercontent.com/dgrant59/ParliamentVotes/main/Members/Photos/104944.jpg"
"334",71986,"Chilliwack—Hope","https://raw.githubusercontent.com/dgrant59/ParliamentVotes/main/Members/Photos/71986.jpg"
"335",71323,"New Brunswick Southwest","https://raw.githubusercontent.com/dgrant59/ParliamentVotes/main/Members/Photos/71323.jpg"
"336",88538,"Manicouagan","https://raw.githubusercontent.com/dgrant59/ParliamentVotes/main/Members/Photos/88538.jpg"
"337",89095,"Souris—Moose Mountain","https://raw.githubusercontent.com/dgrant59/ParliamentVotes/main/Members/Photos/89095.jpg"
"338",114349,"Mississauga—Lakeshore","https://raw.githubusercontent.com/dgrant59/ParliamentVotes/main/Members/Photos/114349.jpg"
"339",25452,"Nipissing—Timiskaming","https://raw.githubusercontent.com/dgrant59/ParliamentVotes/main/Members/Photos/25452.jpg"
